{"total_flos":2.561411551371264e+16,"eval/steps_per_second":0.748,"train_samples_per_second":0.731,"train_loss":1.2674043516958913,"_runtime":3705,"train/global_step":310,"train/loss":0.6584018230438232,"_timestamp":1.7726149913545704e+09,"train/num_tokens":575910,"eval/runtime":18.7061,"train_runtime":3392.7089,"train/grad_norm":0.458984375,"train/learning_rate":6.339525519594159e-10,"_step":34,"eval/samples_per_second":5.72,"eval/num_tokens":556889,"train_steps_per_second":0.091,"eval/entropy":0.7198794526713235,"eval/mean_token_accuracy":0.847856900521687,"eval/loss":0.6907508373260498,"_wandb":{"runtime":3705},"train/mean_token_accuracy":0.8534919351339341,"train/epoch":10,"train/entropy":0.6994750555604696}