{"total_flos":6.33039158416896e+15,"train_loss":0,"train_runtime":0.009,"_wandb":{"runtime":416},"_step":0,"train_samples_per_second":238848.489,"_runtime":416,"train/epoch":3,"_timestamp":1.7711650363786929e+09,"train/global_step":270,"train_steps_per_second":30022.855}