{"eval/entropy":1.497898817062378,"eval/loss":2.0203969478607178,"train/epoch":10,"_timestamp":1.773218663800856e+09,"_step":12,"train/grad_norm":1.046875,"eval/num_tokens":213238,"_wandb":{"runtime":1455},"_runtime":1455,"train/loss":1.8689382553100586,"train_steps_per_second":0.089,"total_flos":1.043449087647744e+16,"train/learning_rate":5.034576168149175e-09,"train_runtime":1237.5597,"eval/mean_token_accuracy":0.6115517318248749,"train_loss":2.446335116299716,"train/num_tokens":234610,"train/mean_token_accuracy":0.6298089269548655,"eval/samples_per_second":3.333,"eval/steps_per_second":0.444,"train_samples_per_second":0.711,"eval/runtime":4.5003,"train/entropy":1.4823969848454,"train/global_step":110}