{"total_flos":254149880146624500,"eval/steps_per_second":1.46,"train_steps_per_second":0.121,"_timestamp":1.7696881577110622e+09,"_step":70,"train_loss":0.03861457676656785,"train/epoch":9.96,"train/loss":0.0677,"train_runtime":5117.413,"eval/loss":0.09054877609014512,"_wandb":{"runtime":3014},"_runtime":3014,"train_samples_per_second":1.954,"train/learning_rate":3.278688524590164e-07,"eval/runtime":136.9999,"train/grad_norm":0.4852873980998993,"train/global_step":620,"eval/samples_per_second":2.92}