{"eval/steps_per_second":1.743,"eval/num_tokens":1515037,"_runtime":317,"train/loss":6.895916331898082,"_step":26,"total_flos":70177277133324290,"train_runtime":3641.4681,"eval/samples_per_second":3.485,"train/mean_token_accuracy":0.17985138415612958,"eval/mean_token_accuracy":0.16764750327914954,"_wandb":{"runtime":317},"train/grad_norm":1.90625,"train_samples_per_second":0.824,"eval/runtime":114.7646,"eval/loss":7.037421226501465,"train/num_tokens":1562400,"train/learning_rate":8.379888268156425e-07,"train/global_step":189,"_timestamp":1.7696114259558628e+09,"train/epoch":3,"eval/entropy":8.083418579101563,"train_loss":8.215258391445907,"train/entropy":7.993322968482971,"train_steps_per_second":0.052}