{"train/entropy":7.993322968482971,"train/epoch":3,"_runtime":275,"train_samples_per_second":0.824,"_timestamp":1.7696114259558628e+09,"train_runtime":3641.4681,"train/global_step":189,"eval/num_tokens":1.515037e+06,"train/loss":6.895916331898082,"eval/mean_token_accuracy":0.16764750327914954,"_wandb":{"runtime":275},"total_flos":7.017727713332429e+16,"train/learning_rate":8.379888268156425e-07,"eval/samples_per_second":3.485,"eval/entropy":8.083418579101563,"_step":26,"train/mean_token_accuracy":0.17985138415612958,"train/num_tokens":1.5624e+06,"eval/steps_per_second":1.743,"eval/runtime":114.7646,"train_loss":8.215258391445907,"train_steps_per_second":0.052,"train/grad_norm":1.90625,"eval/loss":7.037421226501465}