{"train/grad_norm":0.77734375,"train_steps_per_second":0.088,"train_loss":2.2004996980939593,"train/epoch":10,"train_runtime":1586.7792,"train_samples_per_second":0.693,"_wandb":{"runtime":1821},"_step":10,"train/num_tokens":294240,"train/global_step":140,"_runtime":1821,"train/loss":1.549539293561663,"_timestamp":1.7732279368483546e+09,"train/mean_token_accuracy":0.6757225697690791,"train/learning_rate":3.1081799918375454e-09,"train/entropy":1.5007755875587463,"total_flos":1.308658878775296e+16}