{"_wandb":{"runtime":116},"dist/info":116,"_timestamp":1.771662125694977e+09,"dist/no":98,"quality/total_count":439,"quality/gini":0.22380410022779043,"dist/yes":175,"quality/self_bleu":0.5380482350437277,"dist/false":50,"_runtime":116,"_step":0}