{"train_runtime":4475.8284,"eval/mean_token_accuracy":0.8224473091272207,"train/epoch":10,"eval/loss":0.7745459675788879,"train/entropy":0.731316794690333,"train/num_tokens":1.0379e+06,"train/learning_rate":4.2190481687631736e-10,"eval/samples_per_second":3.949,"train_steps_per_second":0.085,"_wandb":{"runtime":4818},"_runtime":4818,"_timestamp":1.77279097568383e+09,"_step":41,"train_loss":1.176674657118948,"train/loss":0.6728569507598877,"train/mean_token_accuracy":0.8453589497428191,"eval/entropy":0.8315220933694106,"train_samples_per_second":0.67,"train/grad_norm":0.62890625,"train/global_step":380,"eval/num_tokens":820823,"total_flos":4.61615365103616e+16,"eval/steps_per_second":0.513,"eval/runtime":25.3219}