{"train/learning_rate":2.339555568810221e-06,"train/mean_token_accuracy":0.5192013159394264,"train_loss":3.5568914630196313,"train/entropy":1.1316577196121216,"train/epoch":1,"train_steps_per_second":0.089,"_timestamp":1.7731622163584604e+09,"_runtime":345,"train/num_tokens":23461,"total_flos":1.043449087647744e+15,"train/global_step":11,"train_samples_per_second":0.714,"_step":1,"train/loss":3.595072937011719,"_wandb":{"runtime":345},"train/grad_norm":2.8125,"train_runtime":123.2164}