{"quality/self_bleu":0.5778496999726227,"dist/yes":178,"_runtime":300,"_timestamp":1.7716800048269818e+09,"dist/info":122,"_step":0,"dist/no":131,"dist/false":52,"quality/total_count":483,"_wandb":{"runtime":300},"quality/gini":0.20031055900621117}