{"_timestamp":1.7732243601284976e+09,"_runtime":1496,"eval/mean_token_accuracy":0.6070782840251923,"train_runtime":1267.9191,"train/num_tokens":234610,"train/loss":1.8812496878884055,"train_steps_per_second":0.087,"train/global_step":110,"_step":20,"train/epoch":10,"eval/runtime":4.4135,"eval/samples_per_second":3.399,"train/learning_rate":5.034576168149175e-09,"eval/num_tokens":234610,"train/grad_norm":1.046875,"eval/loss":2.0304133892059326,"eval/steps_per_second":0.453,"train_loss":2.452860450744629,"total_flos":1.043449087647744e+16,"train_samples_per_second":0.694,"train/entropy":1.4749208905480125,"_wandb":{"runtime":1496},"train/mean_token_accuracy":0.6276643218641932,"eval/entropy":1.4917204976081848}