{"quality/self_bleu":0.15859155562783736,"dist/false":50,"dist/yes":175,"_runtime":54,"dist/no":99,"dist/info":116,"quality/total_count":440,"_timestamp":1.7716604889799516e+09,"_step":0,"_wandb":{"runtime":54},"quality/gini":0.22272727272727272}