{"quality/total_count":460,"dist/false":51,"_timestamp":1.7716595826434882e+09,"_wandb":{"runtime":7},"dist/yes":177,"dist/no":109,"quality/self_bleu":0.24866007234153892,"_step":1,"quality/gini":0.21304347826086956,"_runtime":7,"dist/info":123}