{"_runtime":1394,"eval/mean_token_accuracy":0.8962726623584063,"train_samples_per_second":2.112,"train/mean_token_accuracy":0.9001319565271076,"_timestamp":1.7711624025149145e+09,"train/entropy":0.42256728579339226,"train_steps_per_second":0.265,"eval/loss":0.38980382680892944,"_wandb":{"runtime":1394},"_step":29,"train/epoch":3,"total_flos":6.33039158416896e+15,"eval/entropy":0.40101530842292005,"eval/num_tokens":363537,"train/learning_rate":8.357014456272794e-09,"eval/steps_per_second":1.762,"train_runtime":1017.2551,"eval/runtime":22.1398,"eval/samples_per_second":13.912,"train/global_step":270,"train/num_tokens":490461,"train/grad_norm":0.6328125,"train_loss":0.6413956041689273,"train/loss":0.3853109121322632}