{"_wandb":{"runtime":13},"_runtime":13,"quality/gini":0.21304347826086956,"quality/self_bleu":0.17355820682319262,"_timestamp":1.7716585150442855e+09,"_step":0}