{"train/learning_rate":1.1840553220572204e-05,"_wandb":{"runtime":2564},"train/grad_norm":0.625,"_timestamp":1.7732889297544641e+09,"train/global_step":165,"_step":4,"_runtime":2564,"train/num_tokens":485320,"train/entropy":0.9838830193647972,"train/loss":0.9198444250858191,"train/mean_token_accuracy":0.7857902801953829,"train/epoch":5}