{"eval/samples_per_second":3.127,"train/learning_rate":3.278688524590164e-07,"_wandb":{"runtime":53},"eval/steps_per_second":1.564,"train_runtime":10796.0762,"train/epoch":9.92,"train_loss":0.9353498074316209,"train/loss":0.794,"train_steps_per_second":0.057,"train_samples_per_second":0.926,"_timestamp":1.7696282836387424e+09,"train/global_step":620,"eval/runtime":127.8985,"_step":68,"eval/loss":0.9015053510665894,"_runtime":53,"total_flos":2.3204562474973594e+17,"train/grad_norm":0.8414127826690674}