{"_timestamp":1.7716592833015227e+09,"_step":1,"quality/gini":0.21304347826086956,"_wandb":{"runtime":7},"_runtime":7,"quality/self_bleu":0.2204527658291886}