{"eval/samples_per_second":3.59,"train/grad_norm":1.671875,"_step":5,"_wandb":{"runtime":674},"eval/entropy":1.321831226348877,"eval/loss":2.774606466293335,"train/mean_token_accuracy":0.5209025286815383,"train/num_tokens":70383,"eval/steps_per_second":0.49,"train/entropy":1.2997410426085645,"train/epoch":3,"eval/mean_token_accuracy":0.5360343058904012,"_runtime":674,"train/loss":2.9248743924227627,"eval/runtime":6.1285,"eval/num_tokens":70383,"_timestamp":1.773225531340496e+09,"train/learning_rate":1.7860530947427878e-05,"train/global_step":33}