{"train/entropy":0.506648867080609,"_runtime":1287,"train/num_tokens":172773,"train/learning_rate":1.143941440811147e-06,"_wandb":{"runtime":1287},"_timestamp":1.7722607374774802e+09,"train/loss":0.44370598793029786,"_step":9,"train/global_step":93,"train/mean_token_accuracy":0.885797751446565,"train/grad_norm":0.478515625,"train/epoch":3,"total_flos":7.684234654113792e+15,"train_loss":0.9245144308254283,"train_samples_per_second":0.772,"train_runtime":963.4068,"train_steps_per_second":0.097}