{"_step":10,"_runtime":4246,"train/num_tokens":970640,"train/entropy":0.8701485755351873,"train/epoch":10,"_wandb":{"runtime":4246},"train/mean_token_accuracy":0.8094471842050552,"train_loss":1.2906626267866654,"total_flos":4.317008748281856e+16,"train/loss":0.8118401729699337,"_timestamp":1.7732935363933046e+09,"train_samples_per_second":0.662,"train_steps_per_second":0.084,"train_runtime":3929.3269,"train/global_step":330,"train/learning_rate":5.594390808494332e-10,"train/grad_norm":0.5234375}