{"dist/yes":175,"dist/no":105,"_wandb":{"runtime":342},"quality/total_count":450,"_runtime":342,"dist/false":50,"dist/info":116,"_timestamp":1.7716605545384243e+09,"_step":0,"quality/self_bleu":0.20597693874789144,"quality/gini":0.2163677130044843}