{"_timestamp":1.7731192438236122e+09,"_runtime":226,"train/epoch":1,"train/global_step":2,"train/num_tokens":3149,"train_runtime":14.2546,"train_samples_per_second":0.631,"total_flos":1.40054608797696e+14,"_wandb":{"runtime":226},"_step":0,"train/entropy":1.1032245953877766,"train/mean_token_accuracy":0.5040769312116835,"train_steps_per_second":0.14,"train_loss":2.899850845336914}