{"eval/loss":0.4591146409511566,"train/mean_token_accuracy":0.9752820283174515,"train/entropy":0.15657626176252962,"eval/samples_per_second":5.691,"train_loss":0.4527737480978812,"_runtime":3747,"train_steps_per_second":0.09,"eval/steps_per_second":0.745,"train/global_step":310,"train/num_tokens":575910,"train/epoch":10,"_timestamp":1.7726090121175334e+09,"_step":34,"eval/num_tokens":556889,"eval/entropy":0.24160130321979523,"train/loss":0.09538174867630005,"eval/mean_token_accuracy":0.9048211063657489,"eval/runtime":18.8003,"train_samples_per_second":0.722,"train/learning_rate":6.3395255195941585e-09,"train_runtime":3435.3872,"_wandb":{"runtime":3747},"train/grad_norm":0.63671875,"total_flos":2.561411551371264e+16}