{"dist/yes":177,"quality/total_count":460,"quality/gini":0.21304347826086956,"_runtime":4,"_timestamp":1.771659414507201e+09,"_step":0,"dist/info":123,"dist/no":109,"quality/self_bleu":0.1831375317065269,"_wandb":{"runtime":4},"dist/false":51}