{"_runtime":5,"_timestamp":1.771660369629917e+09,"dist/info":116,"quality/self_bleu":0.2712750049043292,"_wandb":{"runtime":5},"dist/false":50,"quality/gini":0.22272727272727272,"_step":0,"quality/total_count":440,"dist/no":99,"dist/yes":175}