{"dist/info":116,"_wandb":{"runtime":4},"quality/total_count":440,"quality/gini":0.22272727272727272,"quality/self_bleu":0.24718616211439248,"dist/no":99,"dist/yes":175,"_timestamp":1.7716604020553367e+09,"_step":0,"dist/false":50,"_runtime":4}