{"train/learning_rate":3.278688524590164e-07,"eval/samples_per_second":2.92,"train/global_step":620,"eval/loss":0.09054877609014512,"train/epoch":9.96,"train_runtime":5117.413,"eval/steps_per_second":1.46,"train/loss":0.0677,"_step":70,"train_samples_per_second":1.954,"total_flos":254149880146624500,"_runtime":3216,"train/grad_norm":0.4852873980998993,"train_steps_per_second":0.121,"_wandb":{"runtime":3216},"train_loss":0.03861457676656785,"_timestamp":1.7696881577110622e+09,"eval/runtime":136.9999}