{"train_samples_per_second":0.856,"train/learning_rate":2.1967213114754097e-05,"train_runtime":1168.7739,"eval/samples_per_second":2.837,"train/loss":0.1504,"_wandb":{"runtime":2987},"_step":39,"_runtime":2987,"eval/runtime":140.9781,"eval/steps_per_second":1.419,"train_loss":0.8579722450625512,"train/global_step":352,"total_flos":25447152985473024,"train/grad_norm":0.455313503742218,"_timestamp":1.7696810002606962e+09,"train_steps_per_second":0.053,"train/epoch":5.672,"eval/loss":0.08765554428100586}