{"train_runtime":2300.3363,"eval/entropy":0.2554370164871216,"_wandb":{"runtime":2651},"eval/loss":0.4459308981895447,"eval/runtime":17.9656,"train_steps_per_second":0.135,"train/learning_rate":6.3395255195941585e-09,"train/loss":0.11468312740325928,"_runtime":2651,"eval/num_tokens":384116,"train/mean_token_accuracy":0.9698583327233792,"_step":25,"eval/mean_token_accuracy":0.9049395109925952,"_timestamp":1.7722641967050238e+09,"train/entropy":0.17556651094928383,"train/num_tokens":403137,"train_samples_per_second":1.078,"train/grad_norm":0.790368914604187,"eval/steps_per_second":0.779,"eval/samples_per_second":5.956,"train_loss":0.14559099212769538,"total_flos":2.561411551371264e+16,"train/epoch":10,"train/global_step":310}