{"_timestamp":1.7722808867754972e+09,"_step":0,"perf/tps":6.844640743465742,"_wandb":{"runtime":1740},"_runtime":1740,"perf/sec_per_sample":7.575169685566224}