{"eval/num_tokens":970640,"train/epoch":10,"_step":20,"train/loss":0.5528305516098485,"train/learning_rate":5.594390808494332e-10,"train/grad_norm":1.609375,"eval/entropy":0.6339450806379319,"eval/mean_token_accuracy":0.8357759177684784,"train/num_tokens":970640,"train_samples_per_second":0.525,"train/entropy":0.6122630740587528,"_wandb":{"runtime":5269},"train_steps_per_second":0.067,"train_loss":0.9461286949388908,"total_flos":4.315176726626304e+16,"eval/steps_per_second":0.363,"train_runtime":4956.6768,"_runtime":5269,"train/mean_token_accuracy":0.8552276311012414,"train/global_step":330,"_timestamp":1.7733091410757744e+09,"eval/loss":0.6634176969528198,"eval/runtime":27.5812,"eval/samples_per_second":2.901}