{"_wandb":{"runtime":740},"train_loss":0.8579722450625512,"eval/runtime":140.082,"train/grad_norm":0.5130187273025513,"_runtime":740,"train/global_step":62,"train_runtime":1168.7739,"train/loss":0.3057,"total_flos":2.5447152985473024e+16,"_step":6,"eval/samples_per_second":2.855,"eval/steps_per_second":1.428,"eval/loss":0.263110876083374,"train/learning_rate":6.730769230769231e-06,"train_samples_per_second":0.856,"train/epoch":0.992,"train_steps_per_second":0.053,"_timestamp":1.769673397767803e+09}