{"_step":0,"dist/yes":175,"dist/info":116,"quality/total_count":440,"_wandb":{"runtime":27},"quality/gini":0.22272727272727272,"dist/false":50,"dist/no":99,"_timestamp":1.7716617803854833e+09,"quality/self_bleu":0.566804253193383,"_runtime":27}