{"total_flos":2.321597499088896e+16,"train/learning_rate":6.730769230769231e-06,"train/epoch":0.992,"eval/steps_per_second":1.582,"_wandb":{"runtime":366},"_timestamp":1.7696164686222734e+09,"train_runtime":1299.7784,"train/loss":1.1654,"eval/samples_per_second":3.165,"train/global_step":62,"_runtime":366,"eval/loss":1.112088680267334,"_step":8,"train/grad_norm":0.6931149959564209,"train_steps_per_second":0.048,"eval/runtime":126.3876,"train_loss":1.6441504493836434,"train_samples_per_second":0.769}