{"train/learning_rate":6.339525519594159e-10,"_timestamp":1.7726221882408216e+09,"train/entropy":0.6973705943673849,"train/grad_norm":0.4609375,"eval/samples_per_second":5.724,"train_steps_per_second":0.091,"eval/num_tokens":556889,"_runtime":3717,"train/epoch":10,"eval/runtime":18.6931,"train_runtime":3409.8845,"train_samples_per_second":0.727,"train/loss":0.6575021266937255,"_wandb":{"runtime":3717},"train/mean_token_accuracy":0.8531598933041096,"eval/steps_per_second":0.749,"train/global_step":310,"eval/entropy":0.7176076812403542,"eval/mean_token_accuracy":0.8472581803798676,"_step":34,"train/num_tokens":575910,"train_loss":1.2702604309205086,"eval/loss":0.690151035785675,"total_flos":2.561411551371264e+16}