{"dist/info":123,"dist/false":51,"_wandb":{"runtime":502},"quality/total_count":460,"quality/gini":0.21304347826086956,"_step":0,"_timestamp":1.7716599904114594e+09,"dist/yes":177,"_runtime":502,"quality/self_bleu":0.22405691995678156,"dist/no":109}