{"dist/yes":177,"quality/self_bleu":0.555509552340886,"dist/info":116,"dist/false":50,"_runtime":278,"quality/gini":0.2082441113490364,"quality/total_count":467,"_step":0,"dist/no":124,"_wandb":{"runtime":278},"_timestamp":1.7716649079270062e+09}