{"eval/samples_per_second":3.165,"train/learning_rate":6.730769230769231e-06,"eval/loss":1.112088680267334,"eval/steps_per_second":1.582,"train_runtime":1299.7784,"train_steps_per_second":0.048,"train/grad_norm":0.6931149959564209,"_runtime":867,"train/loss":1.1654,"_timestamp":1.7696164686222734e+09,"train/global_step":62,"total_flos":23215974990888960,"_wandb":{"runtime":867},"train_loss":1.6441504493836434,"train/epoch":0.992,"_step":8,"train_samples_per_second":0.769,"eval/runtime":126.3876}