{"_step":0,"perf/tps":6.968721821823341,"_wandb":{"runtime":2937},"_runtime":2937,"perf/sec_per_sample":7.475611148993167,"_timestamp":1.7722829107271776e+09}