{"_wandb":{"runtime":30},"_runtime":30,"quality/gini":0.21304347826086956,"quality/self_bleu":0.15953063366907336,"_timestamp":1.7716591978996825e+09,"_step":0}